transcript ID,sequence
At3g56400,MDTNKAKKLKVMNQLVEGHDLTTQLQQLLSQPGSGLEDLVAKILVCFNNTISVLDTFEPISSSSSLAAVEGSQNASCDNDGKFEDSGDSRKRLGPVKGKRGCYKRKKRSETCTIESTILEDAFSWRKYGQKEILNAKFPRSYFRCTHKYTQGCKATKQVQKVELEPKMFSITYIGNHTCNTNAETPKSKTCDHHDEIFMDSEDHKSPSLSTSMKEEDNPHRHHGSSTENDLSLVWPEMVFEEDYHHQASYVNGKTSTSIDVLGSQDLMVFGGGGDFEFSENEHFSIFSSCSNLS*
At1g80590,MSLEIDAKAVSALLLGQGCANNLKTLLKNHETGSVSTEPLINSILDSFSFALSSQNIPRHVSQRSSKKKMCGIQGMEDSPTPAHIDGFIWRKYGQKTIKTSPHQRWYYRCAYAKDQNCDATKRVQKIQDNPPVYRNTYVGQHACEAPAYAVNNGGTYGSKMIKFDYVIPESVMPQPLSIDSQEITMEDKDTDDHILNYINEHLMEDEAYDVFPDVLGERCCFGLEPFPGLNINKS*
At2g40750,MDSNSNNTKSIKRKVVDQLVEGYEFATQLQLLLSHQHSNQYHIDETRLVSGSGSVSGGPDPVDELMSKILGSFHKTISVLDSFDPVAVSVPIAVEGSWNASCGDDSATPVSCNGGDSGESKKKRLGVGKGKRGCYTRKTRSHTRIVEAKSSEDRYAWRKYGQKEILNTTFPRSYFRCTHKPTQGCKATKQVQKQDQDSEMFQITYIGYHTCTANDQTHAKTEPFDQEIIMDSEKTLAASTAQNHVNAMVQEQENNTSSVTAIDAGMVKEEQNNNGDQSKDYYEGSSTGEDLSLVWQETMMFDDHQNHYYCGETSTTSHQFGFIDNDDQFSSFFDSYCADYERTSAM*
At2g40740,MYSYKKISYQMEEVMSMIFHGMKLVKSLESSLPEKPPESLLTSLDEIVKTFSDANERLKMLLEIKNSETALNKTKPVIVSVANQMLMQMEPGLMQEYWLRYGGSTSSQGTEAMFQTQLMAVDGGGERNLTAAVERSGASGSSTPRQRRRKDEGEEQTVLVAALRTGNTDLPPDDNHTWRKYGQKEILGSRFPRAYYRCTHQKLYNCPAKKQVQRLNDDPFTFRVTYRGSHTCYNSTAPTASSATPSTIPISSVTTGHSVDYGLAVVDMADVMFGSGGVGTNMDFIFPKNDPS*
At5g01900,MNSCQQKAMEKLLHGHGCANQLLIMDQTESDSSMEREDLAKSVLHCFSDALSILIDTNDHQDDQSNNSSPQDSSPVLESSRKPLHKRGRKTSMAESSDYHRHESSTPIYHDGFLWRKYGQKQIKESEYQRSYYKCAYTKDQNCEAKKQVQKIQHNPPLYSTTYFGQHICQLHQAYATFPIDTSDFEEHEGSHMIRFGHPNISFSSSTSNLRQHQNHQDRIKDEYMKPVIAEDWSPSQWMSSEVALAVEAFEFNPFWTSHDLSS*
At1g66550,MVSNIDHKAMEALLRGQGCANNLKILLENGEISSVSTEPLIHTILDSFSLALSFMDSPNHPPYHESSSHNMASHMSRRSSKQVQHRRKLCVAEGLVNYNHDSRTMCPNDGFTWRKYGQKTIKASAHKRCYYRCTYAKDQNCNATKRVQKIKDNPPVYRTTYLGKHVCKAFAVHDDTYSSTMIRFDQVVPEPIMPQLTTIDHQVITVEENSAEHIMNQECDINDYLVDDDPFWASQFPPFPSSDTMFLENISAFD*
At1g66560,MFSNIDQTAVAALLRGQGCANSLKRLLENHKLSSDSTEPLIYTILNSFSLALSFVDPPSLLPHNESSLQNMTSHVLQRSSKKKYYGAEDLEYYRDESPTPRPDDGFTWRKYGQKTIKTSPYQRCYYRCTYAKDQNCNARKRVQMIQDNPPVYRTTYLGKHVCKAVAVHDDTYGSEMIKFDQVVSESVMPQLATIDEQAITMEDEAIDHIMNQECDINDFSVDDDPFWASQFPPFSSEDIMFFDNIANLD*
At1g66600,MFSNIDHKAVAALLHGQGCANILKTVLDNCKVSSVSTEPLINTILDSFSLALSSVNSPNRQPHHESSSRDMAGLVPQRSSKKKICGVKGLEIYRDDSPNPRLDDGFTWRKYGQKTIKTSLYQRCYYRCAYAKDQNCYATKRVQMIQDSPPVYRTTYLGQHTCKAFGVHDNTYGSEMINFDQVVSESVMRQLATIGEQAVLMEDEANHIMNQEYDINDYLVDDEVFWGNEFPLFSSEDLMLF*
At4g23810,MEGRDMLSWEQKTLLSELINGFDAAKKLQARLREAPSPSSSFSSPATAVAETNEILVKQIVSSYERSLLLLNWSSSPSVQLIPTPVTVVPVANPGSVPESPASINGSPRSEEFADGGGSSESHHRQDYIFNSKKRKMLPKWSEKVRISPERGLEGPQDDVFSWRKYGQKDILGAKFPRSYYRCTHRSTQNCWATKQVQRSDGDATVFEVTYRGTHTCSQAITRTPPLASPEKRQDTRVKPAITQKPKDILESLKSNLTVRTDGLDDGKDVFSFPDTPPFYNYGTINGEFGHVESSPIFDVVDWFNPTVEIDTTFPAFLHESIYY*
At5g45270,MGFDICYIDVGCRKKKHSESRVKKVVSIPAIDEGDLWTWRKYGQKDILGSRFPRGYYRCAYKFTHGCKATKQVQRSETDSNMLAITYLSEHNHPRPTKRKALADSTRSTSSSIC*
At2g46400,MMMEEKLVINELELGKELANRLMNNLKHTSSVDSNKTLISDILRIYQNAIFMLSFNQDKNILKRSLEIDGKDSKNVFKKRKVSEKNTEKVKVFVATEQENGSIDDGHCWRKYGQKEIHGSKNPRAYYRCTHRFTQDCLAVKQVQKSDTDPSLFEVKYLGNHTCNNITSPKTTTNFSVSLTNTNIFEGNRVHVTEQSEDMKPTKSEEVMISLEDLENKKNIFRTFSFSNHEIENGVWKSNLFLGNFVEDLSPATSGSAITSEVLSAPAAVENSETADSYFSSLDNIIDFGQDWLWS*
At4g11070,MEMMNWERRSLLNELIHGLKAAKQLQGSSSPSLSASSSYLTTEIKENLLHNIVSSFKKAILMLNGSTTQHNPTIELAPDPLAHPGKVPGSPASITGNPRSEEFFNVRSKEFNLSSKKRKMLPKWTEQVRISPERGLEGPHDDIFSWRKYGQKDILGAKFPRSYYRCTFRNTQYCWATKQVQRSDGDPTIFEVTYRGTHTCSQGIPLPEKRETKPKHTVAVNYQNLRASLTVRTGGLGSEAFSFPVTSPLYTYESINGGGTFYHHVGSSGPSDFTGLISTNTSTGSSPIFDVNFQFDPTAEINTGFPTFFHNSI*
At5g22570,MEMNSPHEKAVQAIRYGHSCAMRLKRRLNHPMADGGPLSSYDLAKSIVESFSNAISILSAKPETEDDQFSDLSSRDSSPPPQGSPSKKRKIDSTNSSENWRDDSPDPIYYDGYLWRKYGQKSIKKSNHQRSYYRCSYNKDHNCEARKHEQKIKDNPPVYRTTYFGHHTCKTEHNLDAIFIAGQDPLDDFKSTQMIRFGKDQDQEKESRSNGFSLSVKHEEDIIKEQAIDQYREITSNDQDCQDVIEEYLSSPSGSYPPSSSSGSESADFNSDLLFDNPDSWDRYDQFYF*
At5g24110,MEKNHSSGEWEKMKNEINELMIEGRDYAHQFGSASSQETREHLAKKILQSYHKSLTIMNYSGELDQVSQGGGSPKSDDSDQEPLVIKSSKKSMPRWSSKVRIAPGAGVDRTLDDGFSWRKYGQKDILGAKFPRGYYRCTYRKSQGCEATKQVQRSDENQMLLEISYRGIHSCSQAANVGTTMPIQNLEPNQTQEHGNLDMVKESVDNYNHQAHLHHNLHYPLSSTPNLENNNAYMLQMRDQNIEYFGSTSFSSDLGTSINYNFPASGSASHSASNSPSTVPLESPFESYDPNHPYGGFGGFYS*
At3g58710,MHRRAAIQESDDEEDETYNDVVPESPSSCEDSKISKPTPKKSRRNVEKRVVSVPIADVEGSKSRGEVYPPSDSWAWRKYGQKPIKGSPYPRGYYRCSSSKGCPARKQVERSRVDPSKLMITYACDHNHPFPSSSANTKSHHRSSVVLKTAKKEEEYEEEEEELTVTAAEEPPAGLDLSHVDSPLLLGGCYSEIGEFGWFYDASISSSSGSSNFLDVTLERGFSVGQEEDESLFGDLGDLPDCASVFRRGTVATEEQHRRCDFGAIPFCDSSR*
At1g29280,MKRGLDMARSYNDHESSQETGPESPNSSTFNGMKALISSHSPKRSRRSVEKRVVNVPMKEMEGSRHKGDTTPPSDSWAWRKYGQKPIKGSPYPRGYYRCSSTKGCPARKQVERSRDDPTMILITYTSEHNHPWPLTSSTRNGPKPKPEPKPEPEPEVEPEAEEEDNKFMVLGRGIETTPSCVDEFAWFTEMETTSSTILESPIFSSEKKTAVSGADDVAVFFPMGEEDESLFADLGELPECSVVFRHRSSVVGSQVEIF*
At2g34830,MDNFQGDLTDVVRGIGSGHVSPSPGPPEGPSPSSMSPPPTSDLHVEFPSAATSASCLANPFGDPFVSMKDPLIHLPASYISGAGDNKSNKSFAIFPKIFEDDHIKSQCSVFPRIKISQSNNIHDASTCNSPAITVSSAAVAASPWGMINVNTTNSPRNCLLVDNNNNTSSCSQVQISSSPRNLGIKRRKSQAKKVVCIPAPAAMNSRSSGEVVPSDLWAWRKYGQKPIKGSPYPRGYYRCSSSKGCSARKQVERSRTDPNMLVITYTSEHNHPWPTQRNALAGSTRSSSSSSLNPSSKSSTAAATTSPSSRVFQNNSSKDEPNNSNLPSSSTHPPFDAAAIKEENVEERQEKMEFDYNDVENTYRPELLQEFQHQPEDFFADLDELEGDSLTMLLSHSSGGGNMENKTTIPDVFSDFFDDDESSRSL*
At4g23550,MDEGDLEAIVRGYSGSGDAFSGESSGTFSPSFCLPMETSSFYEPEMETSGLDELGELYKPFYPFSTQTILTSSVSLPEDSKPFRDDKKQRSHGCLLSNGSRADHIRISESKSKKSKKNQQKRVVEQVKEENLLSDAWAWRKYGQKPIKGSPYPRSYYRCSSSKGCLARKQVERNPQNPEKFTITYTNEHNHELPTRRNSLAGSTRAKTSQPKPTLTKKSEKEVVSSPTSNPMIPSADESSVAVQEMSVAETSTHQAAGAIEGRRLSNGLPSDLMSGSGTFPSFTGDFDELLNSQEFFSGYLWNY*
At5g52830,MSSEDWDLFAVVRSCSSSVSTTNSCAGHEDDIGNCKQQQDPPPPPLFQASSSCNELQDSCKPFLPVTTTTTTTWSPPPLLPPPKASSPSPNILLKQEQVLLESQDQKPPLSVRVFPPSTSSSVFVFRGQRDQLLQQQSQPPLRSRKRKNQQKRTICHVTQENLSSDLWAWRKYGQKPIKGSPYPRNYYRCSSSKGCLARKQVERSNLDPNIFIVTYTGEHTHPRPTHRNSLAGSTRNKSQPVNPVPKPDTSPLSDTVKEEIHLSPTTPLKGNDDVQETNGDEDMVGQEVNMEEEEEEEEVEEDDEEEEDDDDVDDLLIPNLAVRDRDDLFFAGSFPSWSAGSAGDGGG*
At4g01250,MADDWDLHAVVRGCSAVSSSATTTVYSPGVSSHTNPIFTVGRQSNAVSFGEIRDLYTPFTQESVVSSFSCINYPEEPRKPQNQKRPLSLSASSGSVTSKPSGSNTSRSKRRKIQHKKVCHVAAEALNSDVWAWRKYGQKPIKGSPYPRGYYRCSTSKGCLARKQVERNRSDPKMFIVTYTAEHNHPAPTHRNSLAGSTRQKPSDQQTSKSPTTTIATYSSSPVTSADEFVLPVEDHLAVGDLDGEEDLLSLSDTVVSDDFFDGLEEFAAGDSFSGNSAPASFDLSWVVNSAATTTGGI*
At5g45050,MTESEQIVYISCIEEVRYSFVSHLSKALQRKGVNDVFIDSDDSLSNESQSMVERARVSVMILPGNRTVSLDKLVKVLDCQKNKDQVVVPVLYGVRSSETEWLSALDSKGFSSVHHSRKECSDSQLVKETVRDVYEKLFYMERIGIYSKLLEIEKMINKQPLDIRCVGIWGMPGIGKTTLAKAVFDQMSGEFDAHCFIEDYTKAIQEKGVYCLLEEQFLKENAGASGTVTKLSLLRDRLNNKRVLVVLDDVRSPLVVESFLGGFDWFGPKSLIIITSKDKSVFRLCRVNQIYEVQGLNEKEALQLFSLCASIDDMAEQNLHEVSMKVIKYANGHPLALNLYGRELMGKKRPPEMEIAFLKLKECPPAIFVDAIKSSYDTLNDREKNIFLDIACFFQGENVDYVMQLLEGCGFFPHVGIDVLVEKSLVTISENRVRMHNLIQDVGRQIINRETRQTKRRSRLWEPCSIKYLLEDKEQNENEEQKTTFERAQVPEEIEGMFLDTSNLSFDIKHVAFDNMLNLRLFKIYSSNPEVHHVNNFLKGSLSSLPNVLRLLHWENYPLQFLPQNFDPIHLVEINMPYSQLKKLWGGTKDLEMLKTIRLCHSQQLVDIDDLLKAQNLEVVDLQGCTRLQSFPATGQLLHLRVVNLSGCTEIKSFPEIPPNIETLNLQGTGIIELPLSIVKPNYRELLNLLAEIPGLSGVSNLEQSDLKPLTSLMKISTSYQNPGKLSCLELNDCSRLRSLPNMVNLELLKALDLSGCSELETIQGFPRNLKELYLVGTAVRQVPQLPQSLEFFNAHGCVSLKSIRLDFKKLPVHYTFSNCFDLSPQVVNDFLVQAMANVIAKHIPRERHVTGFSQKTVQRSSRDSQQELNKTLAFSFCAPSHANQNSKLDLQPGSSSMTRLDPSWRNTLVGFAMLVQVAFSEGYCDDTDFGISCVCKWKNKEGHSHRREINLHCWALGKAVERDHTFVFFDVNMRPDTDEGNDPDIWADLVVFEFFPVNKQRKPLNDSCTVTRCGVRLITAVNCNTSIENISPVLSLDPMEVSGNEDEEVLRVRYAGLQEIYKALFLYIAGLFNDEDVGLVAPLIANIIDMDVSYGLKVLAYRSLIRVSSNGEIVMHYLLRQMGKEILHTESKKTDKLVDNIQSSMIATKEIEITRSKSRRKNNKEKRVVCVVDRGSRSSDLWVWRKYGQKPIKSSPYPRSYYRCASSKGCFARKQVERSRTDPNVSVITYISEHNHPFPTLRNTLAGSTRSSSSKCSDVTTSASSTVSQDKEGPDKSHLPSSPASPPYAAMVVKEEDMEQWDNMEFDVDVEEDTFIPELFPEDTFADMDKLEENSQTMFLSRRSSGGNMEAQGKNSSDDREVNLPSKILNR*
At1g30650,MCSVSELLDMENFQGDLTDVVRGIGGHVLSPETPPSNIWPLPLSHPTPSPSDLNINPFGDPFVSMDDPLLQELNSITNSGYFSTVGDNNNNIHNNNGFLVPKVFEEDHIKSQCSIFPRIRISHSNIIHDSSPCNSPAMSAHVVAAAAAASPRGIINVDTNSPRNCLLVDGTTFSSQIQISSPRNLGLKRRKSQAKKVVCIPAPAAMNSRSSGEVVPSDLWAWRKYGQKPIKGSPFPRGYYRCSSSKGCSARKQVERSRTDPNMLVITYTSEHNHPWPIQRNALAGSTRSSTSSSSNPNPSKPSTANVNSSSIGSQNTIYLPSSTTPPPTLSSSAIKDERGDDMELENVDDDDDNQIAPYRPELHDHQHQPDDFFADLEELEGDSLSMLLSHGCGGDGKDKTTASDGISNFFGWSGDNNYNNYDDQDSRSL*
At5g28650,MEEVEAANKAAVESCHGVLNLLSQQTNDSKSIMVETREAVCKFKRVSSLLSRGLGQRKIKKLNNNNYKFSSSLLPQHMFLESPVCSNNAISGCIPILAPKPLQIVPAGPPPLMLFNQNMCLDKSFLELKPPSSRAVDPKPYQFIHTHQQGVYSRSKSGLNLKFDGSIGASCYSPSISNGSRSFVSSLSMDGSVTDYDRNSFHLIGLPQGSDHISQHSRRTSCSGSLKCGSKSKCHCSKKRKLRVKRSIKVPAISNKIADIPPDEYSWRKYGQKPIKGSPHPRGYYKCSSVRGCPARKHVERCVEETSMLIVTYEGEHNHSRILSSQSAHT*
At3g04670,MEEVEAANRSAIESCHGVLNLLSQRTSDPKSLTVETGEVVSKFKRVASLLTRGLGHGKFRSTNKFRSSFPQHIFLESPICCGNDLSGDYTQVLAPEPLQMVPASAVYNEMEPKHQLGHPSLMLSHKMCVDKSFLELKPPPFRAPYQLIHNHQQIAYSRSNSGVNLKFDGSGSSCYTPSVSNGSRSFVSSLSMDASVTDYDRNSFHLTGLSRGSDQQHTRKMCSGSLKCGSRSKCHCSKKRKLRVKRSIKVPAISNKIADIPPDEYSWRKYGQKPIKGSPHPRGYYKCSSVRGCPARKHVERCIDETSMLIVTYEGEHNHSRILSSQSAHT*
At2g30590,MEEIEGTNRAAVESCHRVLNLLHRSQQQDHVGFEKNLVSETREAVIRFKRVGSLLSSSVGHARFRRAKKLQSHVSQSLLLDPCQQRTTEVPSSSSQKTPVLRSGFQELSLRQPSDSLTLGTRSFSLNSNAKAPLLQLNQQTMPPSNYPTLFPVQQQQQQQQQQQQQEQQQQQQQQQQQFHERLQAHHLHQQQQLQKHQAELMLRKCNGGISLSFDNSSCTPTMSSTRSFVSSLSIDGSVANIEGKNSFHFGVPSSTDQNSLHSKRKCPLKGDEHGSLKCGSSSRCHCAKKRKHRVRRSIRVPAISNKVADIPPDDYSWRKYGQKPIKGSPYPRGYYKCSSMRGCPARKHVERCLEDPAMLIVTYEAEHNHPKLPSQAITT*
At2g24570,MTVDIMRLPKMEDQTAIQEAASQGLKSMEHLIRVLSNRPEERNVDCSEITDFTVSKFKKVISLLNRSGHARFRRGPVHSPPSSSVPPPVKVTTPAPTQISAPAPVSFVQANQQSVTLDFTRPSVFGAKTKSSEVVEFAKESFSVSSNSSFMSSAITGDGSVSKGSSIFLAPAPAVPVTSSGKPPLSGLPYRKRCFEHDHSEGFSGKISGSGNGKCHCKKSRKNRMKRTVRVPAVSAKIADIPPDEYSWRKYGQKPIKGSPHPRGYYKCSTFRGCPARKHVERALDDSTMLIVTYEGEHRHHQSTMQEHVTPSVSGLVFGSA*
At2g23320,MAVELMTRNYISGVGADSFAVQEAAASGLKSIENFIGLMSRDSFNSDQPSSSSASASASAAADLESARNTTADAAVSKFKRVISLLDRTRTGHARFRRAPVHVISPVLLQEEPKTTPFQSPLPPPPQMIRKGSFSSSMKTIDFSSLSSVTTESDNQKKIHHHQRPSETAPFASQTQSLSTTVSSFSKSTKRKCNSENLLTGKCASASSSGRCHCSKKRKIKQRRIIRVPAISAKMSDVPPDDYSWRKYGQKPIKGSPHPRGYYKCSSVRGCPARKHVERAADDSSMLIVTYEGDHNHSLSAADLAGAAVADLILESS*
At4g31550,MAVDLMRFPKIDDQTAIQEAASQGLQSMEHLIRVLSNRPEQQHNVDCSEITDFTVSKFKTVISLLNRTGHARFRRGPVHSTSSAASQKLQSQIVKNTQPEAPIVRTTTNHPQIVPPPSSVTLDFSKPSIFGTKAKSAELEFSKENFSVSLNSSFMSSAITGDGSVSNGKIFLASAPLQPVNSSGKPPLAGHPYRKRCLEHEHSESFSGKVSGSAYGKCHCKKSRKNRMKRTVRVPAISAKIADIPPDEYSWRKYGQKPIKGSPHPRGYYKCSTFRGCPARKHVERALDDPAMLIVTYEGEHRHNQSAMQENISSSGINDLVFASA*
At5g13080,MEGYDNGSLYAPFLSLKSHSKPELHQGEEESSKVRSEGCSKSVESSKKKGKKQRYAFQTRSQVDILDDGYRWRKYGQKAVKNNKFPRSYYRCTYGGCNVKKQVQRLTVDQEVVVTTYEGVHSHPIEKSTENFEHILTQMQIYSSF*
At1g29860,MDDHVEHNYNTSLEEVHFKSLSDCLQSSLVMDYNSLEKVFKFSPYSSPFQSVSPSVNNPYLNLTSNSPVVSSSSNEGEPKENTNDKSDQMEDNEGDLHGVGESSKQLTKQGKKKGEKKEREVRVAFMTKSEIDHLEDGYRWRKYGQKAVKNSPYPRSYYRCTTQKCNVKKRVERSFQDPSIVITTYEGKHNHPIPSTLRGTVAAEHLLVHRGGGGSLLHSFPRHHQDFLMMKHSPANYQSVGSLSYEHGHGTSSYNFNNNQPVVDYGLLQDIVPSMFSKNES*
At4g22070,MFRFPVSLGGSRDEDRHDQITPLDDHRVVVDEVDFFSEKRDRVSRENINDDDDEGNKVLIKMEGSRVEENDRSRDVNIGLNLLTANTGSDESTVDDGLSMDMEDKRAKIENAQLQEELKKMKIENQRLRDMLSQATTNFNALQMQLVAVMRQQEQRNSSQDHLLAQESKAEGRKRQELQIMVPRQFMDLGPSSGAAEHGAEVSSEERTTVRSGSPPSLLESSNPRENGKRLLGREESSEESESNAWGNPNKVPKHNPSSSNSNGNRNGNVIDQSAAEATMRKARVSVRARSEAAMISDGCQWRKYGQKMAKGNPCPRAYYRCTMAGGCPVRKQVQRCAEDRSILITTYEGNHNHPLPPAATAMASTTTAAASMLLSGSMSSQDGLMNPTNLLARAILPCSSSMATISASAPFPTITLDLTNSPNGNNPNMTTNNPLMQFAQRPGFNPAVLPQVVGQAMYNNQQQSKFSGLQLPAQPLQIAATSSVAESVSAASAAIASDPNFAAALAAAITSIMNGSSHQNNNTNNNNVATSNNDSRQ*
At3g62340,MENVGVGMPFYDLGQTRVYPLLSDFHDLSAERYPVGFMDLLGVHRHTPTHTPLMHFPTTPNSSSSEAVNGDDEEEEDGEEQQHKTKKRFKFTKMSRKQTKKKVPKVSFITRSEVLHLDDGYKWRKYGQKPVKDSPFPRNYYRCTTTWCDVKKRVERSFSDPSSVITTYEGQHTHPRPLLIMPKEGSSPSNGSASRAHIGLPTLPPQLLDYNNQQQQAPSSFGTEYINRQEKGINHDDDDDHVVKKSRTRDLLDGAGLVKDHGLLQDVVPSHIIKEEY*
At2g21900,MNYPSNPNPSSTDFTEFFKFDDFDDTFEKIMEEIGREDHSSSPTLSWSSSEKLVAAEITSPLQTSLATSPMSFEIGDKDEIKKRKRHKEDPIIHVFKTKSSIDEKVALDDGYKWRKYGKKPITGSPFPRHYHKCSSPDCNVKKKIERDTNNPDYILTTYEGRHNHPSPSVVYCDSDDFDLNSLNNWSFQTANTYSFSHSAPY*
At5g26170,MNDADTNLGSSFSDDTHSVFEFPELDLSDEWMDDDLVSAVSGMNQSYGYQTSDVAGALFSGSSSCFSHPESPSTKTYVAATATASADNQNKKEKKKIKGRVAFKTRSEVEVLDDGFKWRKYGKKMVKNSPHPRNYYKCSVDGCPVKKRVERDRDDPSFVITTYEGSHNHSSMN*
At5g64810,MNISQNPSPNFTYFSDENFINPFMDNNDFSNLMFFDIDEGGNNGLIEEEISSPTSIVSSETFTGESGGSGSATTLSKKESTNRGSKESDQTKETGHRVAFRTRSKIDVMDDGFKWRKYGKKSVKNNINKRNYYKCSSEGCSVKKRVERDGDDAAYVITTYEGVHNHESLSNVYYNEMVLSYDHDNWNQHSLLRS*
At1g69310,MNDPDNPDLSNDDSAWRELTLTAQDSDFFDRDTSNILSDFGWNLHHSSDHPHSLRFDSDLTQTTGVKPTTVTSSCSSSAAVSVAVTSTNNNPSATSSSSEDPAENSTASAEKTPPPETPVKEKKKAQKRIRQPRFAFMTKSDVDNLEDGYRWRKYGQKAVKNSPFPRSYYRCTNSRCTVKKRVERSSDDPSIVITTYEGQHCHQTIGFPRGGILTAHDPHSFTSHHHLPPPLPNPYYYQELLHQLHRDNNAPSPRLPRPTTEDTPAVSTPSEEGLLGDIVPQTMRNP*
At1g64000,MEGVDNTNPMLTLEEGENNNPFSSLDDKTLMMMAPSLIFSGDVGPSSSSCTPAGYHLSAQLENFRGGGGEMGGLVSNNSNNSDHNKNCNKGKGKRTLAMQRIAFHTRSDDDVLDDGYRWRKYGQKSVKNNAHPRSYYRCTYHTCNVKKQVQRLAKDPNVVVTTYEGVHNHPCEKLMETLSPLLRQLQFLSRVSDL*
At5g43290,MEEEGYQWARRCGNNAVEDPFVYEPPLFFLPQDQHHMHGLMPNEDFIANKFVTSTLYSGPRIQDIANALALVEPLTHPVREISKSTVPLLERSTLSKVDRYTLKVKNNSNGMCDDGYKWRKYGQKSIKNSPNPRSYYKCTNPICNAKKQVERSIDESNTYIITYEGFHFHYTYPFFLPDKTRQWPNKKTKIHKHNAQDMNKKSQTQEESKEAQLGELTNQNHPVNKAQENTPANLEEGLFFPVDQCRPQQGLLEDVVAPAMKNIPTRDSVLTAS*
At5g49520,MEKKKEEDHHHQQQQQQQKEIKNTETKIEQEQEQEQKQEISQASSSSNMANLVTSSDHHPLELAGNLSSIFDTSSLPFPYSYFEDHSSNNPNSFLDLLRQDHQFASSSNSSSFSFDAFPLPNNNNNTSFFTDLPLPQAESSEVVNTTPTSPNSTSVSSSSNEAANDNNSGKEVTVKDQEEGDQQQEQKGTKPQLKAKKKNQKKAREARFAFLTKSDIDNLDDGYRWRKYGQKAVKNSPYPRSYYRCTTVGCGVKKRVERSSDDPSIVMTTYEGQHTHPFPMTPRGHIGMLTSPILDHGATTASSSSFSIPQPRYLLTQHHQPYNMYNNNSLSMINRRSSDGTFVNPGPSSSFPGFGYDMSQASTSTSSSIRDHGLLQDILPSQIRSDTINTQTNEENKK*
At2g46130,MNGLVDSSRDKKMKNPRFSFRTKSDADILDDGYRWRKYGQKSVKNSLYPRSYYRCTQHMCNVKKQVQRLSKETSIVETTYEGIHNHPCEELMQTLTPLLHQLQFLSKFT*
At4g18170,MSNETRDLYNYQYPSSFSLHEMMNLPTSNPSSYGNLPSQNGFNPSTYSFTDCLQSSPAAYESLLQKTFGLSPSSSEVFNSSIDQEPNRDVTNDVINGGACNETETRVSPSNSSSSEADHPGEDSGKSRRKRELVGEEDQISKKVGKTKKTEVKKQREPRVSFMTKSEVDHLEDGYRWRKYGQKAVKNSPYPRSYYRCTTQKCNVKKRVERSFQDPTVVITTYEGQHNHPIPTNLRGSSAAAAMFSADLMTPRSFAHDMFRTAAYTNGGSVAAALDYGYGQSGYGSVNSNPSSHQVYHQGGEYELLREIFPSIFFKQEP*
At5g41570,MDREDINPMLSRLDVENNNTFSSFVDKTLMMMPPSTFSGEVEPSSSSSWYPESFHVHAPPLPPENDQIGEKGKELKEKRSRKVPRIAFHTRSDDDVLDDGYRWRKYGQKSVKHNAHPRSYYRCTYHTCNVKKQVQRLAKDPNVVVTTYEGVHNHPCEKLMETLNPLLRQLQFLSSFSNL*
At4g39410,MGAINQGISLFDESQTVINPINTNHLGFFFSFPSHSTLSSSSSSSSSSPSSLVSPFLGHNSLNSFLHNNPSSFISHPQDSINLMTNLPETLISSLSSSKQRDDHDGFLNLDHHRLTGSISSQRPLSNPWAWSCQAGYGSSQKNNHGSEIDVDDNDDEVGDGGGINDDDNGRHHHHDTPSRHDKHNTASLGVVSSLKMKKLKTRRKVREPRFCFKTLSEVDVLDDGYRWRKYGQKVVKNTQHPRSYYRCTQDKCRVKKRVERLADDPRMVITTYEGRHLHSPSNHLDDDSLSTSHLHPPLSNFFW*
At5g46350,MSHEIKDLNNYHYTSSYNHYNINNQNMINLPYVSGPSAYNANMISSSQVGFDLPSKNLSPQGAFELGFELSPSSSDFFNPSLDQENGLYNAYNYNSSQKSHEVVGDGCATIKSEVRVSASPSSSEADHHPGEDSGKIRKKREVRDGGEDDQRSQKVVKTKKKEEKKKEPRVSFMTKTEVDHLEDGYRWRKYGQKAVKNSPYPRSYYRCTTQKCNVKKRVERSYQDPTVVITTYESQHNHPIPTNRRTAMFSGTTASDYNPSSSPIFSDLIINTPRSFSNDDLFRVPYASVNVNPSYHQQQHGFHQQESEFELLKEMFPSVFFKQEP*
At5g15130,MEVLLKLPSSESPLKDKFGSVQIHEANKGDGDHQELESAKAEMSEVKEENEKLKGMLERIESDYKSLKLRFFDIIQQEPSNTATKNQNMVDHPKPTTTDLSSFDQERELVSLSLGRRSSSPSDSVPKKEEKTDAISAEVNADEELTKAGLTLGINNGNGGEPKEGLSMENRANSGSEEAWAPGKVTGKRSSPAPASGGDADGEAGQQNHVKRARVCVRARCDTPTMNDGCQWRKYGQKIAKGNPCPRAYYRCTVAPGCPVRKQVQRCADDMSILITTYEGTHSHSLPLSATTMASTTSAAASMLLSGSSSSPAAEMIGNNLYDNSRFNNNNKSFYSPTLHSPLHPTVTLDLTAPQHSSSSSSSLLSLNFNKFSNSFQRFPSTSLNFSSTSSTSSNPSTLNLPAIWGNGYSSYTPYPYNNVQFGTSNLGKTVQNSQSLTETLTKALTSDPSFHSVIAAAISTMVGSNGEQQIVGPRHSISNNIQQTNTTNNNKGCGGYFSSLLMSNIMASNQTGASLDQPSSQLPPFSMFKNSSSSSSTTNFVNKEEKS*
At1g18860,MDEAKEENRRLKSSLSKIKKDFDILQTQYNQLMAKHNEPTKFQSKGHHQDKGEDEDREKVNEREELVSLSLGRRLNSEVPSGSNKEEKNKDVEEAEGDRNYDDNEKSSIQGLSMGIEYKALSNPNEKLEIDHNQETMSLEISNNNKIRSQNSFGFKNDGDDHEDEDEILPQNLVKKTRVSVRSRCETPTMNDGCQWRKYGQKIAKGNPCPRAYYRCTIAASCPVRKQVQRCSEDMSILISTYEGTHNHPLPMSATAMASATSAAASMLLSGASSSSSAAADLHGLNFSLSGNNITPKPKTHFLQSPSSSGHPTVTLDLTTSSSSQQPFLSMLNRFSSPPSNVSRSNSYPSTNLNFSNNTNTLMNWGGGGNPSDQYRAAYGNINTHQQSPYHKIIQTRTAGSSFDPFGRSSSSHSPQINLDHIGIKNIISHQVPSLPAETIKAITTDPSFQSALATALSSIMGGDLKIDHNVTRNEAEKSP*
At2g25000,MDYDPNTNPFDLHFSGKLPKREVSASASKVVEKKWLVKDEKRNMLQDEINRVNSENKKLTEMLARVCEKYYALNNLMEELQSRKSPESVNFQNKQLTGKRKQELDEFVSSPIGLSLGPIENITNDKATVSTAYFAAEKSDTSLTVKDGYQWRKYGQKITRDNPSPRAYFRCSFSPSCLVKKKVQRSAEDPSFLVATYEGTHNHTGPHASVSRTVKLDLVQGGLEPVEEKKERGTIQEVLVQQMASSLTKDPKFTAALATAISGRLIEHSRT*
At1g62300,MDRGWSGLTLDSSSLDLLNPNRISHKNHRRFSNPLAMSRIDEEDDQKTRISTNGSEFRFPVSLSGIRDREDEDFSSGVAGDNDREVPGEVDFFSDKKSRVCREDDEGFRVKKEEQDDRTDVNTGLNLRTTGNTKSDESMIDDGESSEMEDKRAKNELVKLQDELKKMTMDNQKLRELLTQVSNSYTSLQMHLVSLMQQQQQQNNKVIEAAEKPEETIVPRQFIDLGPTRAVGEAEDVSNSSSEDRTRSGGSSAAERRSNGKRLGREESPETESNKIQKVNSTTPTTFDQTAEATMRKARVSVRARSEAPMISDGCQWRKYGQKMAKGNPCPRAYYRCTMATGCPVRKQVQRCAEDRSILITTYEGNHNHPLPPAAVAMASTTTAAANMLLSGSMSSHDGMMNPTNLLARAVLPCSTSMATISASAPFPTVTLDLTHSPPPPNGSNPSSSAATNNNHNSLMQRPQQQQQQMTNLPPGMLPHVIGQALYNQSKFSGLQFSGGSPSTAAFSQSHAVADTITALTADPNFTAALAAVISSMINGTNHHDGEGNNKNQ*
At1g68150,MGFDFSTSKSKAKRQKRIEVRFASPLMGIDLSLKLEAEEKKKEIEGSKHSRENKEDEEHDASGDEDEQMVKEDEDDSSSLGLRTREEENEREELLQLQIQMESVKEENTRLRKLVEQTLEDYRHLEMKFPVIDKTKKMDLEMFLGVQGKRCVDITSKARKRGAERSPSMEREIGLSLSLEKKQKQEESKEAVQSHHQRYNSSSLDMNMPRIISSSQGNRKARVSVRARCETATMNDGCQWRKYGQKTAKGNPCPRAYYRCTVAPGCPVRKQVQRCLEDMSILITTYEGTHNHPLPVGATAMASTASTSPFLLLDSSDNLSHPSYYQTPQAIDSSLITYPQNSSYNNRTIRSLNFDGPSRGDHVSSSQNRLNWMM*
At1g69810,MIKEETVSYFQTFDGVMAESDKEEELDATKAKVEKVREENEKLKLLLSTILNNYNSLQMQVSKVLGQQQGASSMELDHIDRQDENNDYDVDISLRLGRSEQKISKKEENKVDKISTKNVEESKDKRSALGFGFQIQSYEASKLDDLCRQVKLANAENKCVSSRKDVKSVRNENHQDVLEEHEQTGLKKTRVCVKASCEDPSINDGCQWRKYGQKTAKTNPLPRAYYRCSMSSNCPVRKQVQRCGEEETSAFMTTYEGNHDHPLPMEASHMAAGTSAAASLLQSGSSSSSSSTSASLSYFFPFHHFSISTTNSHPTVTLDLTRPNYPNQLPDDYPLSSSSFSLNFSSPDPPPPSSHDHTLNFSGLRTQAPLSTDSLLARYRTRLSGQQ*
At4g04450,MFRFPVSLGGGPRENLKPSDEQHQRAVVNEVDFFRSAEKRDRVSREEQNIIADETHRVHVKRENSRVDDHDDRSTDHINIGLNLLTANTGSDESMVDDGLSVDMEEKRTKCENAQLREELKKASEDNQRLKQMLSQTTNNFNSLQMQLVAVMRQQEDHHHLATTENNDNVKNRHEVPEMVPRQFIDLGPHSDEVSSEERTTVRSGSPPSLLEKSSSRQNGKRVLVREESPETESNGWRNPNKVPKHHASSSICGGNGSENASSKVIEQAAAEATMRKARVSVRARSEAPMLSDGCQWRKYGQKMAKGNPCPRAYYRCTMAVGCPVRKQVQRCAEDRTILITTYEGNHNHPLPPAAMNMASTTTAAASMLLSGSTMSNQDGLMNPTNLLARTILPCSSSMATISASAPFPTITLDLTESPNGNNPTNNPLMQFSQRSGLVELNQSVLPHMMGQALYYNQQSKFSGLHMPSQPLNAGESVSAATAAIASNPNFAAALAAAITSIINGSNNQQNGNNNNSNVTTSNVDNRQ*
At4g01720,MEEHIQDRREIAFLHSGEFLHGDSDSKDHQPNESPVERHHESSIKEVDFFAAKSQPFDLGHVRTTTIVGSSGFNDGLGLVNSCHGTSSNDGDDKTKTQISRLKLELERLHEENHKLKHLLDEVSESYNDLQRRVLLARQTQVEGLHHKQHEDVPQAGSSQALENRRPKDMNHETPATTLKRRSPDDVDGRDMHRGSPKTPRIDQNKSTNHEEQQNPHDQLPYRKARVSVRARSDATTVNDGCQWRKYGQKMAKGNPCPRAYYRCTMAVGCPVRKQVQRCAEDTTILTTTYEGNHNHPLPPSATAMAATTSAAAAMLLSGSSSSNLHQTLSSPSATSSSSFYHNFPYTSTIATLSASAPFPTITLDLTNPPRPLQPPPQFLSQYGPAAFLPNANQIRSMNNNNQQLLIPNLFGPQAPPREMVDSVRAAIAMDPNFTAALAAAISNIIGGGNNDNNNNTDINDNKVDAKSGGSSNGDSPQLPQSCTTFSTN*
At1g80840,MDQYSSSLVDTSLDLTIGVTRMRVEEDPPTSALVEELNRVSAENKKLSEMLTLMCDNYNVLRKQLMEYVNKSNITERDQISPPKKRKSPAREDAFSCAVIGGVSESSSTDQDEYLCKKQREETVVKEKVSRVYYKTEASDTTLVVKDGYQWRKYGQKVTRDNPSPRAYFKCACAPSCSVKKKVQRSVEDQSVLVATYEGEHNHPMPSQIDSNNGLNRHISHGGSASTPVAANRRSSLTVPVTTVDMIESKKVTSPTSRIDFPQVQKLLVEQMASSLTKDPNFTAALAAAVTGKLYQQNHTEK*
At4g31800,MDGSSFLDISLDLNTNPFSAKLPKKEVSVLASTHLKRKWLEQDESASELREELNRVNSENKKLTEMLARVCESYNELHNHLEKLQSRQSPEIEQTDIPIKKRKQDPDEFLGFPIGLSSGKTENSSSNEDHHHHHQQHEQKNQLLSCKRPVTDSFNKAKVSTVYVPTETSDTSLTVKDGFQWRKYGQKVTRDNPSPRAYFRCSFAPSCPVKKKVQRSAEDPSLLVATYEGTHNHLGPNASEGDATSQGGSSTVTLDLVNGCHRLALEKNERDNTMQEVLIQQMASSLTKDSKFTAALAAAISGRLMEQSRT*
At3g01080,MAVEDDVSLIRTTTLVAPTRPTITVPHRPPAIETAAYFFGGGDGLSLSPGPLSFVSSLFVDNFPDVLTPDNQRTTSFTHLLTSPMFFPPQSSAHTGFIQPRQQSQPQPQRPDTFPHHMPPSTSVAVHGRQSLDVSQVDQRARNHYNNPGNNNNNRSYNVVNVDKPADDGYNWRKYGQKPIKGCEYPRSYYKCTHVNCPVKKKVERSSDGQITQIIYKGQHDHERPQNRRGGGGRDSTEVGGAGQMMESSDDSGYRKDHDDDDDDDEDDEDLPASKIRRIDGVSTTHRTVTEPKIIVQTKSEVDLLDDGYRWRKYGQKVVKGNPHPRSYYKCTTPNCTVRKHVERASTDAKAVITTYEGKHNHDVPAARNGTAAATAAAVGPSDHHRMRSMSGNNMQQHMSFGNNNNTGQSPVLLRLKEEKITI*
At2g37260,MSCDDDSDSRNYVVYKPKAKLVSKATVSALANMLQGNRQQTWRQSEAVSYGKSVSQGTHRAGPNLVQKVPSFTESETSTGDRSSVDGYNWRKYGQKQVKGSECPRSYYKCTHPKCPVKKKVERSVEGQVSEIVYQGEHNHSKPSCPLPRRASSSISSGFQKPPKSIASEGSMGQDPNNNLYSPLWNNQSNDSTQNRTEKMSEGCVITPFEFAVPRSTNSNPGTSDSGCKSSQCDEGELDDPSRSKRRKNEKQSSEAGVSQGSVESDSLEDGFRWRKYGQKVVGGNAYPRSYYRCTSANCRARKHVERASDDPRAFITTYEGKHNHHLLLSPPSSSTLPFNSPQLSKQTI*
At3g01970,MEDRRCDVLFPCSSSVDPRLTEFHGVDNSAQPTTSSEEKPRSKKKKKEREARYAFQTRSQVDILDDGYRWRKYGQKAVKNNPFPRSYYKCTEEGCRVKKQVQRQWGDEGVVVTTYQGVHTHAVDKPSDNFHHILTQMHIFPPFCLKE*
At4g26440,MAGIDNKAAVMGEWFDCSTTNHRKRSKAELGREFSLNYIKNEDSLQTTFQESSRGALRERIAARSGFNAPWLNTEDILQSKSLTISSPGLSPATLLESPVFLSNPLLSPTTGKLSSVPSDKAKAELFDDITTSLAFQTISGSGLDPTNIALEPDDSQDYEERQLGGLGDSMACCAPADDGYNWRKYGQKLVKGSEYPRSYYKCTHPNCEAKKKVERSREGHIIEIIYTGDHIHSKPPPNRRSGIGSSGTGQDMQIDATEYEGFAGTNENIEWTSPVSAELEYGSHSGSMQVQNGTHQFGYGDAAADALYRDENEDDRTSHMSVSLTYDGEVEESESKRRKLEAYATETSGSTRASREPRVVVQTTSDIDILDDGYRWRKYGQKVVKGNPNPRSYYKCTANGCTVTKHVERASDDFKSVLTTYIGKHTHVVPAARNSSHVGAGSSGTLQGSLATQTHNHNVHYPMPHSRSEGLATANSSLFDFQSHLRHPTGFSVYIGQSELSDLSMPGLTIGQEKLTSLQAPDIGDPTGLMLQLAAQPKVEPVSPQQGLDLSASSLICREMLSRLRQI*
At2g38470,MAASFLTMDNSRTRQNMNGSANWSQQSGRTSTSSLEDLEIPKFRSFAPSSISISPSLVSPSTCFSPSLFLDSPAFVSSSANVLASPTTGALITNVTNQKGINEGDKSNNNNFNLFDFSFHTQSSGVSAPTTTTTTTTTTTTTNSSIFQSQEQQKKNQSEQWSQTETRPNNQAVSYNGREQRKGEDGYNWRKYGQKQVKGSENPRSYYKCTFPNCPTKKKVERSLEGQITEIVYKGSHNHPKPQSTRRSSSSSSTFHSAVYNASLDHNRQASSDQPNSNNSFHQSDSFGMQQEDNTTSDSVGDDEFEQGSSIVSRDEEDCGSEPEAKRWKGDNETNGGNGGGSKTVREPRIVVQTTSDIDILDDGYRWRKYGQKVVKGNPNPRSYYKCTTIGCPVRKHVERASHDMRAVITTYEGKHNHDVPAARGSGYATNRAPQDSSSVPIRPAAIAGHSNYTTSSQAPYTLQMLHNNNTNTGPFGYAMNNNNNNSNLQTQQNFVGGGFSRAKEEPNEETSFFDSFMP*
At4g30930,MASLRCFRELSRRATTVFSINQTRSISSFHGIEFSGTSISHGTVIPNRSLTRNLPWYSHWYRSQDRCFSSNTKDTDEDEESSEGEDDDEEEGEDFEDSADMEVEREYSPAEKVEEAEEIGYKVMGPLKPSERLFKPYEPVFAIVQIGSHQFKVSNGDSIFTEKLKFCDINDKLELTKVLLLGSASQTIIGRPILPDATVHAVVEEHALDEKVLIFKKKRRKNYRRTRGHRQELTKLRITDIQGIEKPEPKIVHKPSKEAVTEQTKAELVA*
At5g07100,MGSFDRQRAVPKFKTATPSPLPLSPSPYFTMPPGLTPADFLDSPLLFTSSNILPSPTTGTFPAQSLNYNNNGLLIDKNEIKYEDTTPPLFLPSMVTQPLPQLDLFKSEIMSSNKTSDDGYNWRKYGQKQVKGSENPRSYFKCTYPNCLTKKKVETSLVKGQMIEIVYKGSHNHPKPQSTKRSSSTAIAAHQNSSNGDGKDIGEDETEAKRWKREENVKEPRVVVQTTSDIDILDDGYRWRKYGQKVVKGNPNPRSYYKCTFTGCFVRKHVERAFQDPKSVITTYEGKHKHQIPTPRRGPVLRLLGKTET*
At4g12020,MSEKEELPLTLTSIGAATATSDYHQRVGSSGEGISSSSSDVDPRFMQNSPTGLMISQSSSMCTVPPGMAATPPISSGSGLSQQLNNSSSSKLCQVEGCQKGARDASGRCISHGGGRRCQKPDCQKGAEGKTVYCKAHGGGRRCEYLGCTKGAEGSTDFCIAHGGGRRCNHEDCTRSAWGRTEFCVKHGGGARCKTYGCGKSASGPLPFCRAHGGGKKCSHEDCTGFARGRSGLCLMHGGGKRCQRENCTKSAEGLSGLCISHGGGRRCQSIGCTKGAKGSKMFCKACITKRPLTIDGGGNMGGVTTGDALNYLKAVKDKFEDSEKYDTFLEVLNDCKHQGVDTSGVIARLKDLFKGHDDLLLGFNTYLSKEYQITILPEDDFPIDFLDKVEGPYEMTYQQAQTVQANANMQPQTEYPSSSAVQSFSSGQPQIPTSAPDSSLLAKSNTSGITIIEHMSQQPLNVDKQVNDGYNWQKYGQKKVKGSKFPLSYYKCTYLGCPSKRKVERSLDGQVAEIVYKDRHNHEPPNQGKDGSTTYLSGSSTHINCMSSELTASQFSSNKTKIEQQEAASLATTIEYMSEASDNEEDSNGETSEGEKDEDEPEPKRRITEVQVSELADASDRTVREPRVIFQTTSEVDNLDDGYRWRKYGQKVVKGNPYPRFSSSKDYDVVIRYGRADISNEDFISHLRASLCRRGISVYEKFNEVDALPKCRVLIIVLTSTYVPSNLLNILEHQHTEDRVVYPIFYRLSPYDFVCNSKNYERFYLQDEPKKWQAALKEITQMPGYTLTDKSESELIDEIVRDALKVLCSADKVNMIGMDMQVEEILSLLCIESLDVRSIGIWGTVGIGKTTIAEEIFRKISVQYETCVVLKDLHKEVEVKGHDAVRENFLSEVLEVEPHVIRISDIKTSFLRSRLQRKRILVILDDVNDYRDVDTFLGTLNYFGPGSRIIMTSRNRRVFVLCKIDHVYEVKPLDIPKSLLLLDRGTCQIVLSPEVYKTLSLELVKFSNGNPQVLQFLSSIDREWNKLSQEVKTTSPIYIPGIFEKSCCGLDDNERGIFLDIACFFNRIDKDNVAMLLDGCGFSAHVGFRGLVDKSLLTISQHNLVDMLSFIQATGREIVRQESADRPGDRSRLWNADYIRHVFINDTGTSAIEGIFLDMLNLKFDANPNVFEKMCNLRLLKLYCSKAEEKHGVSFPQGLEYLPSKLRLLHWEYYPLSSLPKSFNPENLVELNLPSSCAKKLWKGKKARFCTTNSSLEKLKKMRLSYSDQLTKIPRLSSATNLEHIDLEGCNSLLSLSQSISYLKKLVFLNLKGCSKLENIPSMVDLESLEVLNLSGCSKLGNFPEISPNVKELYMGGTMIQEIPSSIKNLVLLEKLDLENSRHLKNLPTSIYKLKHLETLNLSGCISLERFPDSSRRMKCLRFLDLSRTDIKELPSSISYLTALDELLFVDSRRNSPVVTNPNANSTELMPSESSKLEILGTPADNEVVVGGTVEKTRGIERTPTILVKSREYLIPDDVVAVGGDIKGLRPPVLQLQPAMKLSHIPRGSTWDFVTHFAPPETVAPPSSSSEAREEEVETEETGAMFIPLGDKETCSFTVNKGDSSRTISNTSPIYASEGSFITCWQKGQLLGRGSLGSVYEGISADGDFFAFKEVSLLDQGSQAHEWIQQVEGGIALLSQLQHQNIVRYRGTTKDESNLYIFLELVTQGSLRKLYQRNQLGDSVVSLYTRQILDGLKYLHDKGFIHRNIKCANVLVDANGTVKLADFGLAKVMSLWRTPYWNWMAPEVIVLKSFPLF*
At2g30250,MSSTSFTDLLGSSGVDCYEDDEDLRVSGSSFGGYYPERTGSGLPKFKTAQPPPLPISQSSHNFTFSDYLDSPLLLSSSHSLISPTTGTFPLQGFNGTTNNHSDFPWQLQSQPSNASSALQETYGVQDHEKKQEMIPNEIATQNNNQSFGTERQIKIPAYMVSRNSNDGYGWRKYGQKQVKKSENPRSYFKCTYPDCVSKKIVETASDGQITEIIYKGGHNHPKPEFTKRPSQSSLPSSVNGRRLFNPASVVSEPHDQSENSSISFDYSDLEQKSFKSEYGEIDEEEEQPEMKRMKREGEDEGMSIEVSKGVKEPRVVVQTISDIDVLIDGFRWRKYGQKVVKGNTNPRSYYKCTFQGCGVKKQVERSAADERAVLTTYEGRHNHDIPTALRRS*
At4g26640,MILLPEPSPTTGSLFKPRPVHISASSSSYTGRGFHQNTFTEQKSSEFEFRPPASNMVYAELGKIRSEPPVHFQGQGHGSSHSPSSISDAAGSSSELSRPTPPCQMTPTSSDIPAGSDQEESIQTSQNDSRGSTPSILADDGYNWRKYGQKHVKGSEFPRSYYKCTHPNCEVKKLFERSHDGQITDIIYKGTHDHPKPQPGRRNSGGMAAQEERLDKYPSSTGRDEKGSGVYNLSNPNEQTGNPEVPPISASDDGGEAAASNRNKDEPDDDDPFSKRRRMEGAMEITPLVKPIREPRVVVQTLSEVDILDDGYRWRKYGQKVVRGNPNPRSYYKCTAHGCPVRKHVERASHDPKAVITTYEGKHDHDVPTSKSSSNHEIQPRFRPDETDTISLNLGVGISSDGPNHASNEHQHQNQQLVNQTHPNGVNFRFVHASPMSSYYASLNSGMNQYGQRETKNETQNGDISSLNNSSYPYPPNMGRVQSGP*
At2g44745,MEGGGRRVFSNYDLQQVTSSSTTIQENMNFLVPFEETNVLTFFSSSSSSSLSSPSFPIHNSSSTTTTHAPLGFSNNLQGGGPLGSKVVNDDQENFGGGTNNDAHSNSWWRSNSGSGDMKNKVKIRRKLREPRFCFQTKSDVDVLDDGYKWRKYGQKVVKNSLHPRSYYRCTHNNCRVKKRVERLSEDCRMVITTYEGRHNHIPSDDSTSPDHDCLSSF*
At2g47260,MEFTDFSKTSFYYPSSQSVWDFGDLAAAERHSLGFMELLSSQQHQDFATVSPHSFLLQTSQPQTQTQPSAKLSSSIIQAPPSEQLVTSKVESLCSDHLLINPPATPNSSSISSASSEALNEEKPKTEDNEEEGGEDQQEKSHTKKQLKAKKNNQKRQREARVAFMTKSEVDHLEDGYRWRKYGQKAVKNSPFPRSYYRCTTASCNVKKRVERSFRDPSTVVTTYEGQHTHISPLTSRPISTGGFFGSSGAASSLGNGCFGFPIDGSTLISPQFQQLVQYHHQQQQQELMSCFGGVNEYLNSHANEYGDDNRVKKSRVLVKDNGLLQDVVPSHMLKEE*
At4g24240,MTVELMMSSYSGGGGGGDGFPAIAAAAKMEDTALREAASAGIHGVEEFLKLIGQSQQPTEKSQTEITAVTDVAVNSFKKVISLLGRSRTGHARFRRAPASTQTPFKQTPVVEEEVEVEEKKPETSSVLTKQKTEQYHGGGSAFRVYCPTPIHRRPPLSHNNNNNQNQTKNGSSSSSPPMLANGAPSTINFAPSPPVSATNSFMSSHRCDTDSTHMSSGFEFTNPSQLSGSRGKPPLSSASLKRRCNSSPSSRCHCSKKRKSRVKRVIRVPAVSSKMADIPSDEFSWRKYGQKPIKGSPHPRGYYKCSSVRGCPARKHVERALDDAMMLIVTYEGDHNHALVLETTTMNHDKTL*
At1g55600,MSDFDENFIEMTSYWAPPSSPSPRTILAMLEQTDNGLNPISEIFPQESLPRDHTDQSGQRSGLRERLAARVGFNLPTLNTEENMSPLDAFFRSSNVPNSPVVAISPGFSPSALLHTPNMVSDSSQIIPPSSATNYGPLEMVETSGEDNAAMMMFNNDLPYQPYNVDLPSLEVFDDIATEESFYIPSYEPHVDPIGTPLVTSFESELVDDAHTDIISIEDSESEDGNKDDDDEDFQYEDEDEDQYDQDQDVDEDEEEEKDEDNVALDDPQPPPPKRRRYEVSNMIGATRTSKTQRIILQMESDEDNPNDGYRWRKYGQKVVKGNPNPRSYFKCTNIECRVKKHVERGADNIKLVVTTYDGIHNHPSPPARRSNSSSRNRSAGATIPQNQNDRTSRLGRAPPTPTPPTPPPSSYTPEEMRPFSSLATEIDLTEVYMTGISMLPNIPVYENSGFMYQNDEPTMNAMPDGSDVYDGIMERLYFKFGVDM*
At1g13960,MSEKEEAPSTSKSTGAPSRPTLSLPPRPFSEMFFNGGVGFSPGPMTLVSNMFPDSDEFRSFSQLLAGAMSSPATAAAAAAAATASDYQRLGEGTNSSSGDVDPRFKQNRPTGLMISQSQSPSMFTVPPGLSPAMLLDSPSFLGLFSPVQGSYGMTHQQALAQVTAQAVQANANMQPQTEYPPPSQVQSFSSGQAQIPTSAPLPAQRETSDVTIIEHRSQQPLNVDKPADDGYNWRKYGQKQVKGSEFPRSYYKCTNPGCPVKKKVERSLDGQVTEIIYKGQHNHEPPQNTKRGNKDNTANINGSSINNNRGSSELGASQFQTNSSNKTKREQHEAVSQATTTEHLSEASDGEEVGNGETDVREKDENEPDPKRRSTEVRISEPAPAASHRTVTEPRIIVQTTSEVDLLDDGYRWRKYGQKVVKGNPYPRSYYKCTTPGCGVRKHVERAATDPKAVVTTYEGKHNHDLPAAKSSSHAAAAAQLRPDNRPGGLANLNQQQQQQPVARLRLKEEQTT*
At2g03340,MAEKEEKEPSKLKSSTGVSRPTISLPPRPFGEMFFSGGVGFSPGPMTLVSNLFSDPDEFKSFSQLLAGAMASPAAAAVAAAAVVATAHHQTPVSSVGDGGGSGGDVDPRFKQSRPTGLMITQPPGMFTVPPGLSPATLLDSPSFFGLFSPLQGTFGMTHQQALAQVTAQAVQGNNVHMQQSQQSEYPSSTQQQQQQQQQASLTEIPSFSSAPRSQIRASVQETSQGQRETSEISVFEHRSQPQNADKPADDGYNWRKYGQKQVKGSDFPRSYYKCTHPACPVKKKVERSLDGQVTEIIYKGQHNHELPQKRGNNNGSCKSSDIANQFQTSNSSLNKSKRDQETSQVTTTEQMSEASDSEEVGNAETSVGERHEDEPDPKRRNTEVRVSEPVASSHRTVTEPRIIVQTTSEVDLLDDGYRWRKYGQKVVKGNPYPRSYYKCTTPDCGVRKHVERAATDPKAVVTTYEGKHNHDVPAARTSSHQLRPNNQHNTSTVNFNHQQPVARLRLKEEQIT*
At5g56270,MAGFDENVAVMGEWVPRSPSPGTLFSSAIGEEKSSKRVLERELSLNHGQVIGLEEDTSSNHNKDSSQSNVFRGGLSERIAARAGFNAPRLNTENIRTNTDFSIDSNLRSPCLTISSPGLSPATLLESPVFLSNPLAQPSPTTGKFPFLPGVNGNALSSEKAKDEFFDDIGASFSFHPVSRSSSSFFQGTTEMMSVDYGNYNNRSSSHQSAEEVKPGSENIESSNLYGIETDNQNGQNKTSDVTTNTSLETVDHQEEEEEQRRGDSMAGGAPAEDGYNWRKYGQKLVKGSEYPRSYYKCTNPNCQVKKKVERSREGHITEIIYKGAHNHLKPPPNRRSGMQVDGTEQVEQQQQQRDSAATWVSCNNTQQQGGSNENNVEEGSTRFEYGNQSGSIQAQTGGQYESGDPVVVVDASSTFSNDEDEDDRGTHGSVSLGYDGGGGGGGGEGDESESKRRKLEAFAAEMSGSTRAIREPRVVVQTTSDVDILDDGYRWRKYGQKVVKGNPNPRSYYKCTAPGCTVRKHVERASHDLKSVITTYEGKHNHDVPAARNSSHGGGGDSGNGNSGGSAAVSHHYHNGHHSEPPRGRFDRQVTTNNQSPFSRPFSFQPHLGPPSGFSFGLGQTGLVNLSMPGLAYGQGKMPGLPHPYMTQPVGMSEAMMQRGMEPKVEPVSDSGQSVYNQIMSRLPQI*
At2g04880,MAEVGKVLASDMELDHSNETKAVDDVVATTDKAEVIPVAVTRTETVVESLESTDCKELEKLVPHTVASQSEVDVASPVSEKAPKVSESSGALSLQSGSEGNSPFIREKVMEDGYNWRKYGQKLVKGNEFVRSYYRCTHPNCKAKKQLERSAGGQVVDTVYFGEHDHPKPLAGAVPINQDKRSDVFTAVSKGEQRIDIVSLIYKLCIVSYDIMFVEKTSGSSVQTLRQTEPPKIHGGLHVSVIPPADDVKTDISQSSRITGDNTHKDYNSPTAKRRKKGGNIELSPVERSTNDSRIVVHTQTLFDIVNDGYRWRKYGQKSVKGSPYPRSYYRCSSPGCPVKKHVERSSHDTKLLITTYEGKHDHDMPPGRVVTHNNMLDSEVDDKEGDANKTPQSSTLQSITKDQHVEDHLRKKTKTNGFEKSLDQGPVLDEKLKEEIKERSDANKDHAANHAKPEAKSDDKTTVCQEKAVGTLESEEQKPKTEPAQS*
